Workbook

Sheet Raw
A1: Raw Ticket Data (as received from tickets.csv)
A3: ticket_id | B3: month | C3: team_id | D3: channel | E3: resolution_hours | F3: satisfaction
A4: 1 | B4: Jan | C4: T1 | D4: Email | E4: 12 | F4: 4
A5: 2 | B5: Jan | C5: T2 | D5: Chat | E5: 28 | F5: 3
A6: 3 | B6: Jan | C6: T3 | D6: Phone | E6: 36 | F6: 2
A7: 4 | B7: Jan | C7: T4 | D7: Phone | E7: 20 | F7: 4
A8: 5 | B8: Feb | C8: T1 | D8: Chat | E8: 8 | F8: 5
A9: 6 | B9: Feb | C9: T2 | D9: Phone | E9: 30 | F9: 3
A10: 7 | B10: Feb | C10: T3 | D10: Email | E10: 18 | F10: 4
A11: 8 | B11: Feb | C11: T4 | D11: Chat | E11: 40 | F11: 2
A12: 9 | B12: Mar | C12: T1 | D12: Phone | E12: 16 | F12: 4
A13: 10 | B13: Mar | C13: T2 | D13: Email | E13: 22 | F13: 4
A14: 11 | B14: Mar | C14: T3 | D14: Chat | E14: 32 | F14: 3
A15: 12 | B15: Mar | C15: T4 | D15: Phone | E15: 24 | F15: 5
A16: 12 | B16: Mar | C16: T4 | D16: Phone | E16: 24 | F16: 5
A18: Row count in Raw (before cleaning): | B18: =COUNTA(A4:A16) -> 13

Sheet Lookup
A1: Team Lookup
A3: team_id | B3: team | C3: department
A4: T1 | B4: AccountCare | C4: Service
A5: T2 | B5: BillingHelp | C5: Service
A6: T3 | B6: AppSupport | C6: Technical
A7: T4 | B7: DeviceHelp | C7: Technical

Sheet Clean
A1: Cleaned Ticket Data
A3: ticket_id | B3: month | C3: team_id | D3: channel | E3: resolution_hours | F3: satisfaction | G3: department | H3: breach_flag
A4: 1 | B4: Jan | C4: T1 | D4: Email | E4: 12 | F4: 4 | G4: =INDEX(Lookup!$C$4:$C$7,MATCH(C4,Lookup!$A$4:$A$7,0)) -> Service | H4: =IF(E4>24,1,0) -> 0
A5: 2 | B5: Jan | C5: T2 | D5: Chat | E5: 28 | F5: 3 | G5: =INDEX(Lookup!$C$4:$C$7,MATCH(C5,Lookup!$A$4:$A$7,0)) -> Service | H5: =IF(E5>24,1,0) -> 1
A6: 3 | B6: Jan | C6: T3 | D6: Phone | E6: 36 | F6: 2 | G6: =INDEX(Lookup!$C$4:$C$7,MATCH(C6,Lookup!$A$4:$A$7,0)) -> Technical | H6: =IF(E6>24,1,0) -> 1
A7: 4 | B7: Jan | C7: T4 | D7: Phone | E7: 20 | F7: 4 | G7: =INDEX(Lookup!$C$4:$C$7,MATCH(C7,Lookup!$A$4:$A$7,0)) -> Technical | H7: =IF(E7>24,1,0) -> 0
A8: 5 | B8: Feb | C8: T1 | D8: Chat | E8: 8 | F8: 5 | G8: =INDEX(Lookup!$C$4:$C$7,MATCH(C8,Lookup!$A$4:$A$7,0)) -> Service | H8: =IF(E8>24,1,0) -> 0
A9: 6 | B9: Feb | C9: T2 | D9: Phone | E9: 30 | F9: 3 | G9: =INDEX(Lookup!$C$4:$C$7,MATCH(C9,Lookup!$A$4:$A$7,0)) -> Service | H9: =IF(E9>24,1,0) -> 1
A10: 7 | B10: Feb | C10: T3 | D10: Email | E10: 18 | F10: 4 | G10: =INDEX(Lookup!$C$4:$C$7,MATCH(C10,Lookup!$A$4:$A$7,0)) -> Technical | H10: =IF(E10>24,1,0) -> 0
A11: 8 | B11: Feb | C11: T4 | D11: Chat | E11: 40 | F11: 2 | G11: =INDEX(Lookup!$C$4:$C$7,MATCH(C11,Lookup!$A$4:$A$7,0)) -> Technical | H11: =IF(E11>24,1,0) -> 1
A12: 9 | B12: Mar | C12: T1 | D12: Phone | E12: 16 | F12: 4 | G12: =INDEX(Lookup!$C$4:$C$7,MATCH(C12,Lookup!$A$4:$A$7,0)) -> Service | H12: =IF(E12>24,1,0) -> 0
A13: 10 | B13: Mar | C13: T2 | D13: Email | E13: 22 | F13: 4 | G13: =INDEX(Lookup!$C$4:$C$7,MATCH(C13,Lookup!$A$4:$A$7,0)) -> Service | H13: =IF(E13>24,1,0) -> 0
A14: 11 | B14: Mar | C14: T3 | D14: Chat | E14: 32 | F14: 3 | G14: =INDEX(Lookup!$C$4:$C$7,MATCH(C14,Lookup!$A$4:$A$7,0)) -> Technical | H14: =IF(E14>24,1,0) -> 1
A15: 12 | B15: Mar | C15: T4 | D15: Phone | E15: 24 | F15: 5 | G15: =INDEX(Lookup!$C$4:$C$7,MATCH(C15,Lookup!$A$4:$A$7,0)) -> Technical | H15: =IF(E15>24,1,0) -> 0
A17: Row count before cleaning (Raw): | B17: =COUNTA(Raw!A4:A16) -> 13
A18: Row count after cleaning (Clean): | B18: =COUNTA(A4:A15) -> 12

Sheet PivotData
A1: department | B1: month | C1: resolution_hours
A2: =Clean!G4 -> Service | B2: =Clean!B4 -> Jan | C2: =Clean!E4 -> 12
A3: =Clean!G5 -> Service | B3: =Clean!B5 -> Jan | C3: =Clean!E5 -> 28
A4: =Clean!G6 -> Technical | B4: =Clean!B6 -> Jan | C4: =Clean!E6 -> 36
A5: =Clean!G7 -> Technical | B5: =Clean!B7 -> Jan | C5: =Clean!E7 -> 20
A6: =Clean!G8 -> Service | B6: =Clean!B8 -> Feb | C6: =Clean!E8 -> 8
A7: =Clean!G9 -> Service | B7: =Clean!B9 -> Feb | C7: =Clean!E9 -> 30
A8: =Clean!G10 -> Technical | B8: =Clean!B10 -> Feb | C8: =Clean!E10 -> 18
A9: =Clean!G11 -> Technical | B9: =Clean!B11 -> Feb | C9: =Clean!E11 -> 40
A10: =Clean!G12 -> Service | B10: =Clean!B12 -> Mar | C10: =Clean!E12 -> 16
A11: =Clean!G13 -> Service | B11: =Clean!B13 -> Mar | C11: =Clean!E13 -> 22
A12: =Clean!G14 -> Technical | B12: =Clean!B14 -> Mar | C12: =Clean!E14 -> 32
A13: =Clean!G15 -> Technical | B13: =Clean!B15 -> Mar | C13: =Clean!E15 -> 24

Sheet PivotTable
A1: PivotTable — Average Resolution Hours by Department x Month
A4: Average of resolution_hours | B4: Column Labels
A5: Row Labels | B5: Jan | C5: Feb | D5: Mar | E5: Grand Total
A6: Service | B6: 20 | C6: 19 | D6: 19 | E6: 19.333333
A7: Technical | B7: 28 | C7: 29 | D7: 28 | E7: 28.333333
A8: Grand Total | B8: 24 | C8: 24 | D8: 23.5 | E8: 23.833333

Sheet Summary
A1: Summary & Analysis
A3: Breached Tickets by Channel (resolution_hours > 24)
A4: Channel | B4: Breached Count
A5: Email | B5: =COUNTIFS(Clean!$D$4:$D$15,A5,Clean!$H$4:$H$15,1) -> 0
A6: Chat | B6: =COUNTIFS(Clean!$D$4:$D$15,A6,Clean!$H$4:$H$15,1) -> 3
A7: Phone | B7: =COUNTIFS(Clean!$D$4:$D$15,A7,Clean!$H$4:$H$15,1) -> 2
A9: Average Resolution Hours by Department x Month
A10: Department | B10: Jan | C10: Feb | D10: Mar
A11: Service | B11: =IFERROR(AVERAGEIFS(Clean!$E$4:$E$15,Clean!$G$4:$G$15,$A11,Clean!$B$4:$B$15,B$10),0) -> 20 | C11: =IFERROR(AVERAGEIFS(Clean!$E$4:$E$15,Clean!$G$4:$G$15,$A11,Clean!$B$4:$B$15,C$10),0) -> 19 | D11: =IFERROR(AVERAGEIFS(Clean!$E$4:$E$15,Clean!$G$4:$G$15,$A11,Clean!$B$4:$B$15,D$10),0) -> 19
A12: Technical | B12: =IFERROR(AVERAGEIFS(Clean!$E$4:$E$15,Clean!$G$4:$G$15,$A12,Clean!$B$4:$B$15,B$10),0) -> 28 | C12: =IFERROR(AVERAGEIFS(Clean!$E$4:$E$15,Clean!$G$4:$G$15,$A12,Clean!$B$4:$B$15,C$10),0) -> 29 | D12: =IFERROR(AVERAGEIFS(Clean!$E$4:$E$15,Clean!$G$4:$G$15,$A12,Clean!$B$4:$B$15,D$10),0) -> 28
A15: Department Overview
A16: Department | B16: Ticket Count | C16: Avg Satisfaction
A17: Service | B17: =COUNTIF(Clean!$G$4:$G$15,A17) -> 6 | C17: =AVERAGEIF(Clean!$G$4:$G$15,A17,Clean!$F$4:$F$15) -> 3.8333333
A18: Technical | B18: =COUNTIF(Clean!$G$4:$G$15,A18) -> 6 | C18: =AVERAGEIF(Clean!$G$4:$G$15,A18,Clean!$F$4:$F$15) -> 3.3333333

Sheet Dashboard
B2: Support Tickets Dashboard
B4: Total Tickets (cleaned) | E4: Avg Resolution Hours | H4: Total Breached Tickets | K4: Avg Satisfaction
B5: =COUNTA(Clean!$D$4:$D$15) -> 12 | E5: =AVERAGE(Clean!$E$4:$E$15) -> 23.833333 | H5: =SUM(Clean!$H$4:$H$15) -> 5 | K5: =AVERAGE(Clean!$F$4:$F$15) -> 3.5833333
